{"cameraMode":{"drawMode":0,"name":"Shaded","section":"Shading Mode"},"sceneLighting":false,"audioPlay":false,"sceneViewState":{"showFog":true,"showMaterialUpdate":false,"showSkybox":false,"showFlares":true,"showImageEffects":true,"showParticleSystems":true},"in2DMode":false,"pivot":{"x":-0.5095849633216858,"y":1.3635554313659669,"z":-7.581000328063965},"rotation":{"x":0.04758983850479126,"y":-0.7702246904373169,"z":0.057876892387866977,"w":0.6333601474761963},"size":0.9123791456222534,"orthographic":false}