{"cameraMode":{"drawMode":0,"name":"Shaded","section":"Shading Mode"},"sceneLighting":false,"audioPlay":false,"sceneViewState":{"showFog":true,"showMaterialUpdate":false,"showSkybox":false,"showFlares":true,"showImageEffects":true,"showParticleSystems":true},"in2DMode":false,"pivot":{"x":-14.299182891845704,"y":1.867193579673767,"z":0.08728671073913574},"rotation":{"x":-0.03075002320110798,"y":0.9618070125579834,"z":-0.24334703385829926,"w":-0.12153946608304978},"size":0.9239422678947449,"orthographic":false}