{"cameraMode":{"drawMode":0,"name":"Shaded","section":"Shading Mode"},"sceneLighting":false,"audioPlay":false,"sceneViewState":{"showFog":true,"showMaterialUpdate":false,"showSkybox":false,"showFlares":true,"showImageEffects":true,"showParticleSystems":true},"in2DMode":false,"pivot":{"x":-86.62000274658203,"y":7.199999809265137,"z":40.29999923706055},"rotation":{"x":-0.3039083778858185,"y":-0.25801771879196169,"z":0.08587958663702011,"w":-0.913067102432251},"size":29.84598731994629,"orthographic":false}