{"cameraMode":{"drawMode":0,"name":"Shaded","section":"Shading Mode"},"sceneLighting":false,"audioPlay":false,"sceneViewState":{"showFog":true,"showMaterialUpdate":false,"showSkybox":true,"showFlares":true,"showImageEffects":true,"showParticleSystems":true},"in2DMode":false,"pivot":{"x":156.30691528320313,"y":-16.258115768432618,"z":260.1668701171875},"rotation":{"x":-0.5220670104026794,"y":-0.2756216824054718,"z":0.18303167819976808,"w":-0.7861639261245728},"size":5.06028938293457,"orthographic":false}